{"$schema":"http://schema.management.azure.com/schemas/2015-01-01/deploymentTemplate.json#","contentVersion":"1.0.0.0","parameters":{"workspaceName":{"type":"string","metadata":"Workspace name","defaultValue":"szen-ds-snps-cdh-dev"},"LS_AS_DBRK_CDH":{"type":"string"},"LS_AS_SQL_DB_CDH":{"type":"string"}},"variables":{"workspaceId":"[concat('Microsoft.Synapse/workspaces/', parameters('workspaceName'))]"},"resources":[{"name":"[concat(parameters('workspaceName'), '/ds_adf_housekeeping_vacuum')]","type":"Microsoft.Synapse/workspaces/pipelines","apiVersion":"2019-06-01-preview","properties":{"activities":[{"name":"CDH_ADB_LIST_ADLS_DELTA_FILES","type":"DatabricksNotebook","dependsOn":[],"policy":{"timeout":"0.12:00:00","retry":0,"retryIntervalInSeconds":30,"secureOutput":false,"secureInput":false},"userProperties":[],"typeProperties":{"notebookPath":"/Shared/Developement_Code/Vaccum_Scripts/01_ADLS_LIST_DELTA_UPDATE_SQL","baseParameters":{"RootFolderPath":{"value":"@pipeline().parameters.RootFolderPath","type":"Expression"},"Synapse_workspace_Name":{"value":"@pipeline().parameters.Synapse_workspace_Name","type":"Expression"},"adlsUrl":{"value":"@pipeline().parameters.ADLSUrl","type":"Expression"}}},"linkedServiceName":{"referenceName":"[parameters('LS_AS_DBRK_CDH')]","type":"LinkedServiceReference"}},{"name":"CDH_GEN_LKP_READ_DELTA_FOLDERS_LIST","type":"Lookup","dependsOn":[{"activity":"CDH_ADB_LIST_ADLS_DELTA_FILES","dependencyConditions":["Succeeded"]}],"policy":{"timeout":"0.12:00:00","retry":0,"retryIntervalInSeconds":30,"secureOutput":false,"secureInput":false},"userProperties":[],"typeProperties":{"source":{"type":"AzureSqlSource","sqlReaderQuery":{"value":"select * from [monitoring].[HOUSEKEEPING_Vacuum]","type":"Expression"},"queryTimeout":"02:00:00","partitionOption":"None"},"dataset":{"referenceName":"AzureSqlCDHDatabaseConnection","type":"DatasetReference","parameters":{}},"firstRowOnly":false}},{"name":"ForEach1","type":"ForEach","dependsOn":[{"activity":"CDH_GEN_LKP_READ_DELTA_FOLDERS_LIST","dependencyConditions":["Succeeded"]}],"userProperties":[],"typeProperties":{"items":{"value":"@activity('CDH_GEN_LKP_READ_DELTA_FOLDERS_LIST').output.value","type":"Expression"},"activities":[{"name":"CDH_ADB_ADLS_HOUSEKEEPING","type":"DatabricksNotebook","dependsOn":[],"policy":{"timeout":"0.12:00:00","retry":0,"retryIntervalInSeconds":30,"secureOutput":false,"secureInput":false},"userProperties":[],"typeProperties":{"notebookPath":"/Shared/Developement_Code/Vaccum_Scripts/02_ADLS_DELTA_VACCUM_NTBK","baseParameters":{"TargetFolderPath":{"value":"@item().TargetFolderPath","type":"Expression"},"Env_Path":{"value":"@pipeline().parameters.ADLSUrl","type":"Expression"}}},"linkedServiceName":{"referenceName":"[parameters('LS_AS_DBRK_CDH')]","type":"LinkedServiceReference"}},{"name":"CDH_SP_ADLS_HOUSEKEEPING_CAPTURE_LOG","type":"SqlServerStoredProcedure","dependsOn":[{"activity":"CDH_ADB_ADLS_HOUSEKEEPING","dependencyConditions":["Succeeded"]}],"policy":{"timeout":"0.12:00:00","retry":0,"retryIntervalInSeconds":30,"secureOutput":false,"secureInput":false},"userProperties":[],"typeProperties":{"storedProcedureName":"[[monitoring].[ADLSHouseKeepingLoad]","storedProcedureParameters":{"Comments":{"value":{"value":"@activity('CDH_ADB_ADLS_HOUSEKEEPING').output.runOutput.Comments","type":"Expression"},"type":"String"},"TargetFolderPath":{"value":{"value":"@activity('CDH_ADB_ADLS_HOUSEKEEPING').output.runOutput.TargetFolderPath","type":"Expression"},"type":"String"},"IsVaccumDone":{"value":{"value":"true","type":"Expression"},"type":"Boolean"},"IsZOrderDone":{"value":{"value":"false","type":"Expression"},"type":"Boolean"}}},"linkedServiceName":{"referenceName":"[parameters('LS_AS_SQL_DB_CDH')]","type":"LinkedServiceReference"}}]}}],"policy":{"elapsedTimeMetric":{},"cancelAfter":{}},"parameters":{"RootFolderPath":{"type":"string","defaultValue":"/mnt/Vacuum_Test_4"},"Synapse_workspace_Name":{"type":"string","defaultValue":"szen-ds-snps-cdh-dev"},"ADLSUrl":{"type":"string","defaultValue":"/mnt/"}},"folder":{"name":"CDH_PIPELINES/CDH_HOUSEKEEPING"},"annotations":[]},"dependsOn":["[concat(variables('workspaceId'), '/datasets/AzureSqlCDHDatabaseConnection')]"]},{"name":"[concat(parameters('workspaceName'), '/AzureSqlCDHDatabaseConnection')]","type":"Microsoft.Synapse/workspaces/datasets","apiVersion":"2019-06-01-preview","properties":{"linkedServiceName":{"referenceName":"[parameters('LS_AS_SQL_DB_CDH')]","type":"LinkedServiceReference"},"annotations":[],"type":"AzureSqlTable","schema":[{"name":"ID","type":"varchar"},{"name":"PAN ID","type":"varchar"},{"name":"Token ID","type":"varchar"},{"name":"Total no. of tokens","type":"bigint","precision":19},{"name":"Activation date","type":"date"},{"name":"Expiry date","type":"date"},{"name":"Shell Digital ID","type":"varchar"},{"name":"Shell Digital ID Hexacode","type":"varchar"},{"name":"Postcode","type":"varchar"},{"name":"Gender","type":"varchar"},{"name":"Name","type":"varchar"},{"name":"Email","type":"varchar"},{"name":"SMS / Phone","type":"varchar"},{"name":"App user (Y/N)","type":"varchar"},{"name":"App registration date","type":"date"},{"name":"BIRTH_DT","type":"date"},{"name":"CAPTURE_DT","type":"date"},{"name":"Total points till date","type":"decimal","precision":10,"scale":4},{"name":"City","type":"varchar"},{"name":"Country","type":"varchar"},{"name":"SMS_ALLOWED_IND","type":"varchar"},{"name":"EMAIL_ALLOWED_IND","type":"varchar"},{"name":"GENERAL_MARKETING_IND","type":"varchar"},{"name":"PERSONAL_MARKETING_IND","type":"varchar"},{"name":"DM_ALLOWED_IND","type":"varchar"},{"name":"MOBILE_ALLOWED_IND","type":"varchar"},{"name":"REG_CHANNEL_DESC","type":"varchar"},{"name":"LOYALTY_OPTIN_IND","type":"varchar"},{"name":"MONTHLY_NEWSLETTER_IND","type":"varchar"}],"typeProperties":{"schema":"dbo","table":"Consumer"}},"dependsOn":[]}]}